,precision,recall,f1-score,support
0,1.0,0.8,0.8888888888888888,10.0
1,0.8,1.0,0.8888888888888888,8.0
accuracy,0.8888888888888888,0.8888888888888888,0.8888888888888888,0.8888888888888888
macro avg,0.9,0.9,0.8888888888888888,18.0
weighted avg,0.911111111111111,0.8888888888888888,0.8888888888888888,18.0
