,precision,recall,f1-score,support
0,1.0,1.0,1.0,8.0
1,1.0,1.0,1.0,4.0
2,0.5,1.0,0.6666666666666666,4.0
3,0.0,0.0,0.0,4.0
accuracy,0.8,0.8,0.8,0.8
macro avg,0.625,0.75,0.6666666666666666,20.0
weighted avg,0.7,0.8,0.7333333333333333,20.0
